"","from","to"
"1","M Carrasco","S Fuller"
"2","J Mordkoff","P Chen"
"3","C Moore","P Chen"
"4","C Moore","J Mordkoff"
"5","S Luck","W Zhang"
"6","P Chen","E Fine"
"7","C Moore","E Fine"
"9","Z Kaldy","E Blaser"
"10","M Pomplun","E Blaser"
"11","M Pomplun","Z Kaldy"
"12","L Fournier","L Fournier"
"13","L Itti","V Navalpakkam"
"14","G Alvarez","S Franconeri"
"15","J Enns","S Franconeri"
"16","J Enns","G Alvarez"
"17","K Yokosawa","K Yokosawa"
"18","J Mounts","J McCarley"
"19","J Tsotsos","J Tsotsos"
"20","M Ambinder","L Thomas"
"21","B Levinthal","L Thomas"
"22","B Levinthal","M Ambinder"
"23","D Irwin","L Thomas"
"24","D Irwin","M Ambinder"
"25","D Irwin","B Levinthal"
"26","A Kramer","L Thomas"
"27","A Kramer","M Ambinder"
"28","A Kramer","B Levinthal"
"29","A Kramer","D Irwin"
"30","A Lleras","L Thomas"
"31","A Lleras","M Ambinder"
"32","A Lleras","B Levinthal"
"33","A Lleras","D Irwin"
"34","A Lleras","A Kramer"
"35","D Simons","L Thomas"
"36","D Simons","M Ambinder"
"37","D Simons","B Levinthal"
"38","D Simons","D Irwin"
"39","D Simons","A Kramer"
"40","D Simons","A Lleras"
"41","R Wang","L Thomas"
"42","R Wang","M Ambinder"
"43","R Wang","B Levinthal"
"44","R Wang","D Irwin"
"45","R Wang","A Kramer"
"46","R Wang","A Lleras"
"47","R Wang","D Simons"
"48","V Lollo","L Jefferies"
"49","S Tipper","S Tipper"
"50","K Mullen","K Mullen"
"51","D Fitzpatrick","D Fitzpatrick"
"52","C Chen","Y Lin"
"53","S Engel","K Cardinal"
"54","K Amano","D Foster"
"55","S Nascimento","D Foster"
"56","S Nascimento","K Amano"
"60","B Wandell","J Liu"
"61","P Pearson","L Jakobson"
"62","C Fermuller","C Fermuller"
"63","I Fujita","S Tanabe"
"64","D Teller","M Pereverzeva"
"65","M Grabowecky","Y Kim"
"66","K Paller","Y Kim"
"67","K Paller","M Grabowecky"
"68","S Suzuki","Y Kim"
"69","S Suzuki","M Grabowecky"
"70","S Suzuki","K Paller"
"71","S Vecera","L Hecht"
"72","J Nelson","L Fournier"
"73","J Brown","J Brown"
"74","G Stoner","G Stoner"
"75","L Chang","J Lu"
"76","L Itti","J Lu"
"77","L Itti","L Chang"
"78","B Stojanoski","M Niemeier"
"79","M Behrmann","D Kravitz"
"80","A Hollingworth","A Richard"
"81","S Vecera","A Richard"
"82","S Vecera","A Hollingworth"
"83","S Yeh","S Yeh"
"84","B Spehar","B Spehar"
"85","C Leek","C Leek"
"86","T Serre","D Walther"
"87","T Poggio","D Walther"
"88","T Poggio","T Serre"
"89","C Koch","D Walther"
"90","C Koch","T Serre"
"91","C Koch","T Poggio"
"92","A Hillstrom","J Wong"
"93","Y Chai","J Wong"
"94","Y Chai","A Hillstrom"
"95","B Scholl","S Mitroff"
"96","M Platt","E Brannon"
"97","R Blake","S Chong"
"98","S Grossberg","A Yazdanbakhsh"
"99","A Parker","D Alais"
"101","H Wilson","A Buckthought"
"102","A Berg","J Brascamp"
"103","B Pham","C Abbey"
"104","S Shimozaki","C Abbey"
"105","S Shimozaki","B Pham"
"106","M Eckstein","C Abbey"
"107","M Eckstein","B Pham"
"108","M Eckstein","S Shimozaki"
"109","P Sinha","B Balas"
"110","G Boynton","S Mednick"
"111","B Wandell","R Dougherty"
"112","R Aslin","J Fiser"
"113","C Baker","H Beeck"
"114","N Kanwisher","H Beeck"
"115","N Kanwisher","C Baker"
"116","D Tadin","J Gold"
"117","R Blake","J Gold"
"118","R Blake","D Tadin"
"119","N Troje","N Troje"
"120","C Tyler","L Likova"
"121","S Anstis","S Anstis"
"122","J O'Brien","C Benton"
"123","P Mamassian","P Mamassian"
"124","B Krekelberg","Z Kourtzi"
"125","D Bavelier","C Green"
"126","T Watanabe","A Seitz"
"127","P Jolicoeur","A Seitz"
"128","P Jolicoeur","T Watanabe"
"129","A McCollough","E Vogel"
"130","G Woodman","E Vogel"
"131","G Woodman","A McCollough"
"132","J Junge","N Turk-Browne"
"133","B Scholl","N Turk-Browne"
"134","B Scholl","J Junge"
"135","D Watson","G Humphreys"
"136","J Triesch","A Robinson"
"137","M Kim","S Park"
"138","M Chun","S Park"
"139","M Chun","M Kim"
"140","R Blake","L Gilroy"
"141","R Blake","S Kim"
"142","S Lee","S Kim"
"143","S Lee","R Blake"
"144","M Kitazaki","M Kitazaki"
"145","F Tong","M Meng"
"146","Z He","T Ooi"
"147","Y Su","T Ooi"
"148","Y Su","Z He"
"149","S Pas","C Paffen"
"150","F Verstraten","C Paffen"
"151","F Verstraten","S Pas"
"152","R Wezel","R Wezel"
"153","H Ogmen","B Breitmeyer"
"154","J Haynes","G Rees"
"155","S Shevell","S Hong"
"156","N Logothetis","A Maier"
"157","D Leopold","A Maier"
"158","D Leopold","N Logothetis"
"160","D Crewther","D Crewther"
"161","S He","F Fang"
"162","N Troje","J Sadr"
"163","K Nakayama","J Sadr"
"164","K Nakayama","N Troje"
"165","K Watanabe","R Blake"
"166","J Pinto","J Pinto"
"167","R Tyrrell","J Brooks"
"168","T Lewis","D Maurer"
"169","R Blake","D Maurer"
"170","R Blake","T Lewis"
"171","E Grossman","J Garcia"
"172","E Hiris","E Hiris"
"173","A Yuille","H Lu"
"174","Z Liu","H Lu"
"175","Z Liu","A Yuille"
"176","M Boi","M Boi"
"177","M Shiffrar","S Oh"
"179","M Giese","T Serre"
"180","M Giese","T Poggio"
"181","J Wolfe","S Place"
"182","T Horowitz","D Fencsik"
"183","S Place","D Fencsik"
"184","S Place","T Horowitz"
"185","J Wolfe","D Fencsik"
"186","J Wolfe","T Horowitz"
"189","K Sundberg","J Mitchell"
"190","J Reynolds","J Mitchell"
"191","J Reynolds","K Sundberg"
"192","Z Pylyshyn","Z Pylyshyn"
"193","G Alvarez","Z Pylyshyn"
"194","S Shioiri","T Yoshida"
"195","C Curtis","S Johnson"
"196","S Shuwairi","S Johnson"
"197","S Shuwairi","C Curtis"
"198","F Verstraten","M Smagt"
"199","G Yovel","C Baker"
"201","N Kanwisher","G Yovel"
"202","N Kanwisher","M Mangini"
"203","G Yovel","B Duchaine"
"204","K Nakayama","B Duchaine"
"205","K Nakayama","G Yovel"
"207","K Nakayama","J Chiao"
"208","M Smith","R Caldara"
"209","J Han","R Caldara"
"210","J Han","M Smith"
"211","C Michel","R Caldara"
"212","C Michel","M Smith"
"213","C Michel","J Han"
"214","P Schyns","R Caldara"
"215","P Schyns","M Smith"
"216","P Schyns","J Han"
"217","P Schyns","C Michel"
"218","S Hong","S Hong"
"219","Y Osada","M Honma"
"220","L DeBruine","B Jones"
"221","J Williams","B Jones"
"222","J Williams","L DeBruine"
"223","M Mon-Williams","B Jones"
"224","M Mon-Williams","L DeBruine"
"225","M Mon-Williams","J Williams"
"232","S Kanazawa","Y Otsuka"
"233","M Yamaguchi","Y Otsuka"
"234","M Yamaguchi","S Kanazawa"
"235","A O'Toole","Y Otsuka"
"236","A O'Toole","S Kanazawa"
"237","A O'Toole","M Yamaguchi"
"238","H Abdi","Y Otsuka"
"239","H Abdi","S Kanazawa"
"240","H Abdi","M Yamaguchi"
"241","H Abdi","A O'Toole"
"248","S Lomber","S Lomber"
"249","J Enns","C Oriet"
"250","B Pinna","M Boi"
"251","R Rensink","R Rensink"
"252","F Thorn","F Thorn"
"253","B Pinna","S Grossberg"
"254","R Gurnsey","R Gurnsey"
"255","M Levine","J McAnany"
"256","B Pinna","B Pinna"
"257","D Eagleman","A Holcombe"
"259","L Spillmann","K Hamburger"
"260","J Campos","G Chan"
"261","H Sun","G Chan"
"262","H Sun","J Campos"
"263","S Schwan","M Huff"
"264","M Braunstein","Z Bian"
"265","G Andersen","Z Bian"
"266","G Andersen","M Braunstein"
"267","T Sanocki","T Sanocki"
"268","C Gottesman","C Gottesman"
"269","J Henderson","M Castelhano"
"270","A Oliva","A Torralba"
"271","A Oliva","M Greene"
"272","P Martini","V Maljkovic"
"274","B Scholl","M Chun"
"275","J Wolfe","M Chun"
"276","J Wolfe","B Scholl"
"277","T Horowitz","M Chun"
"278","T Horowitz","B Scholl"
"280","T Horowitz","K Michod"
"281","J Wolfe","K Michod"
"283","E Vogel","T Drew"
"284","K Sakai","K Sakai"
"285","E Birmingham","D Smilek"
"286","A Kingstone","D Smilek"
"287","A Kingstone","E Birmingham"
"291","N Majaj","S Solomon"
"292","P Lennie","S Solomon"
"293","P Lennie","N Majaj"
"294","T Albright","X Huang"
"295","G Stoner","X Huang"
"296","G Stoner","T Albright"
"297","J Gallant","J Gallant"
"298","E Simoncelli","N Rust"
"299","J Movshon","N Rust"
"300","J Movshon","E Simoncelli"
"301","M Carandini","M Carandini"
"302","W Bair","W Bair"
"303","K Grill-Spector","K Grill-Spector"
"304","J Henderson","D Gajewski"
"305","E Aminoff","M Bar"
"306","J Boshyan","M Bar"
"307","J Boshyan","E Aminoff"
"308","M Fenske","M Bar"
"309","M Fenske","E Aminoff"
"310","M Fenske","J Boshyan"
"311","M Bar","A Ghuman"
"312","I Biederman","M Nederhouser"
"313","J Davidoff","M Nederhouser"
"314","J Davidoff","I Biederman"
"315","X Yue","M Nederhouser"
"316","X Yue","I Biederman"
"317","X Yue","J Davidoff"
"318","R Vogels","M Nederhouser"
"319","R Vogels","I Biederman"
"320","R Vogels","J Davidoff"
"321","R Vogels","X Yue"
"322","D Kim","F Tong"
"323","D Sheinberg","D Sheinberg"
"324","D Cao","S Shevell"
"325","S Dumoulin","K Mullen"
"326","R Hess","K Mullen"
"327","R Hess","S Dumoulin"
"328","A Shapiro","A Shapiro"
"329","S Shevell","P Monnier"
"330","M Goldberg","J Bisley"
"331","M Platt","M Platt"
"332","B Sullivan","J Jovancevic"
"333","M Hayhoe","J Jovancevic"
"334","M Hayhoe","B Sullivan"
"335","E Miller","E Miller"
"336","B Tjan","B Tjan"
"338","S Johnston","I Arend"
"339","K Shapiro","I Arend"
"340","K Shapiro","S Johnston"
"342","D Smilek","S Ghorashi"
"343","V Lollo","S Ghorashi"
"344","V Lollo","D Smilek"
"345","D Crewther","S Crewther"
"347","M Nieuwenstein","M Nieuwenstein"
"348","P Dux","P Dux"
"349","J Enns","J Kawahara"
"350","K Shapiro","K Shapiro"
"351","T Watanabe","Y Tsushima"
"352","H Bowman","B Wyble"
"353","V Franz","A Brouwer"
"354","D Kerzel","A Brouwer"
"355","D Kerzel","V Franz"
"356","K Gegenfurtner","A Brouwer"
"357","K Gegenfurtner","V Franz"
"358","K Gegenfurtner","D Kerzel"
"359","H Kaneko","M Yamaguchi"
"360","J Crawford","J Marotta"
"361","G Bingham","Y Lee"
"362","J Norman","Y Lee"
"363","J Norman","G Bingham"
"365","G Bingham","M Mon-Williams"
"366","L Maloney","S Wu"
"367","T Hudson","M Landy"
"368","J Trommershauser","J Trommershauser"
"369","M Goodale","M Goodale"
"370","Y Nakajima","Y Tani"
"371","K Maruya","Y Tani"
"372","K Maruya","Y Nakajima"
"373","T Sato","Y Tani"
"374","T Sato","Y Nakajima"
"375","T Sato","K Maruya"
"376","S McKee","A Ma-Wyatt"
"377","A Cobo-Lewis","A Cobo-Lewis"
"378","M Wexler","C Morvan"
"379","R Rajimehr","R Rajimehr"
"380","T Albright","B Krekelberg"
"381","T Freeman","T Freeman"
"382","H Bedell","J Tong"
"384","P Cisarik","H Bedell"
"385","P Cisarik","J Tong"
"386","S Patel","H Bedell"
"387","S Patel","J Tong"
"388","S Patel","P Cisarik"
"390","J Pelz","M Hayhoe"
"391","R Mruczek","M Hayhoe"
"392","R Mruczek","J Pelz"
"393","C Royden","C Royden"
"394","Y Yeshurun","Y Yeshurun"
"395","G Loffler","R Goutcher"
"396","M Edwards","J Greenwood"
"398","L Wilcox","K MacKenzie"
"399","S Watamaniuk","S Watamaniuk"
"401","J Faubert","J Faubert"
"402","C Benton","W Curran"
"403","P Mamassian","L O'Kane"
"404","A Seiffert","W Sohn"
"405","F Tong","Y Kamitani"
"406","L McLin","L McLin"
"407","P Smith","P Smith"
"408","J Wood","J Wood"
"410","B Hansen","A Haun"
"411","Y Kim","A Haun"
"412","Y Kim","B Hansen"
"413","E Essock","A Haun"
"414","E Essock","B Hansen"
"415","E Essock","Y Kim"
"416","G Boynton","G Boynton"
"417","E Fine","E Fine"
"418","D Tadin","J Lappin"
"419","H Strasburger","D Poggel"
"420","D Stanley","J Gobell"
"421","M Carrasco","J Gobell"
"422","M Carrasco","D Stanley"
"423","Y Yeshurun","B Montagna"
"424","M Carrasco","B Montagna"
"425","M Carrasco","Y Yeshurun"
"426","M Carrasco","F Pestilli"
"427","L Maloney","L Maloney"
"428","A Hayes","S Tipper"
"431","Z Vidnyánszky","T Papathomas"
"432","G Boynton","V Ciaramitaro"
"433","M Goodale","S Arnott"
"435","J Wood","J Brooks"
"436","J Wood","R Tyrrell"
"437","B Stephens","J Brooks"
"438","B Stephens","R Tyrrell"
"439","B Stephens","J Wood"
"440","C Chubb","C Chubb"
"441","S Dakin","I Mareschal"
"442","P Bex","I Mareschal"
"443","P Bex","S Dakin"
"444","E Cameron","E Cameron"
"446","Y Wang","R Hess"
"447","C Liu","R Hess"
"448","C Liu","Y Wang"
"449","M Morgan","J Solomon"
"450","J Foley","J Foley"
"451","S Waugh","S Waugh"
"452","M Landy","I Oruc"
"453","D Pelli","I Oruc"
"454","D Pelli","M Landy"
"455","A Sahraie","A Sahraie"
"456","R Hess","P Huang"
"457","F Kingdom","P Huang"
"458","F Kingdom","R Hess"
"459","M Carrasco","R Kothari"
"460","D Ellemberg","T Lewis"
"462","D Maurer","D Ellemberg"
"463","J Atkinson","O Braddick"
"464","J Wattam-Bell","O Braddick"
"465","J Wattam-Bell","J Atkinson"
"466","H Bridge","O Braddick"
"467","H Bridge","J Atkinson"
"468","H Bridge","J Wattam-Bell"
"469","P Sowden","P Sowden"
"470","M Bach","M Bach"
"471","I Howard","I Howard"
"472","M Jenkin","R Dyde"
"473","L Harris","R Dyde"
"474","L Harris","M Jenkin"
"475","D Proffitt","J Stefanucci"
"476","J Stefanucci","J Witt"
"477","D Proffitt","J Witt"
"479","W Thompson","S Creem-Regehr"
"480","S Gilson","A Glennerster"
"484","Z He","J Wu"
"485","T Ooi","J Wu"
"487","R Klatzky","B Wu"
"488","S Shimojo","J Park"
"489","A Johnston","D Arnold"
"490","P Mamassian","E Brenner"
"491","J Smeets","E Brenner"
"492","J Smeets","P Mamassian"
"493","C Schor","C Cantor"
"494","D Linares","J Lopez-Moliner"
"495","K Watanabe","K Yokoi"
"496","V Franz","D Grave"
"497","K Gegenfurtner","D Grave"
"499","C Habak","N Anderson"
"500","F Wilkinson","N Anderson"
"501","F Wilkinson","C Habak"
"502","H Wilson","N Anderson"
"503","H Wilson","C Habak"
"504","H Wilson","F Wilkinson"
"508","Y Wang","Y Wang"
"509","C Clifford","C Clifford"
"510","P Kellman","P Garrigan"
"511","H Li","H Li"
"512","M Singh","E Cohen"
"513","J Townsend","J Townsend"
"514","K Watanabe","R Niimi"
"515","K Yokosawa","R Niimi"
"516","K Yokosawa","K Watanabe"
"517","M Peterson","M Peterson"
"518","C Rasche","C Rasche"
"519","H Strasburger","H Strasburger"
"520","J Movshon","L Kiorpes"
"523","F Gosselin","P Schyns"
"524","F Gosselin","M Smith"
"525","D Sagi","Y Bonneh"
"526","G Caplovitz","P Hsieh"
"527","P Tse","P Hsieh"
"528","P Tse","G Caplovitz"
"529","D Whitney","D Whitney"
"530","M Carandini","Y Petrov"
"531","S McKee","Y Petrov"
"532","S McKee","M Carandini"
"534","L Zhaoping","L Zhaoping"
"535","W Simpson","V Manahilov"
"536","J Calvert","V Manahilov"
"537","J Calvert","W Simpson"
"538","E Simoncelli","Z Wang"
"539","C Clifford","S Durant"
"540","A Giordano","M Carrasco"
"541","R Marois","R Marois"
"542","Z Vidnyánszky","C Tseng"
"543","T Papathomas","C Tseng"
"545","G Sperling","C Tseng"
"546","G Sperling","Z Vidnyánszky"
"547","G Sperling","T Papathomas"
"548","J Palmer","J Palmer"
"549","L Reddy","R VanRullen"
"550","C Koch","R VanRullen"
"551","C Koch","L Reddy"
"552","P Wilken","L Reddy"
"554","C Koch","P Wilken"
"555","A Radonjic","A Gilchrist"
"557","V Ramachandran","A Radonjic"
"558","V Ramachandran","A Gilchrist"
"559","C Clifford","B Spehar"
"560","B Blakeslee","M McCourt"
"561","M Luca","M Tarr"
"565","M Goodale","J Cant"
"566","M Webster","S Elliott"
"567","M Georgeson","S Elliott"
"568","M Georgeson","M Webster"
"569","S Yeh","L Hsu"
"570","D MacLeod","D MacLeod"
"571","B Rogers","P Smith"
"572","D Leopold","M Ernst"
"573","J Harris","J Harris"
"575","B Cumming","J Read"
"576","S Stevenson","F Visco"
"577","B Farell","B Farell"
"578","M Banks","M Banks"
"579","H Kaneko","K Fukuda"
"580","K Brooks","B Gillam"
"582","B Gillam","H Sedgwick"
"583","R Shah","H Sedgwick"
"584","R Shah","B Gillam"
"585","C Schor","Z Zhang"
"590","I Kuriki","I Kuriki"
"591","M Crognale","J Highsmith"
"593","K Amano","A Reeves"
"594","D Foster","A Reeves"
"596","K Uchikawa","K Uchikawa"
"597","B Mel","B Mel"
"598","D Teller","I Zemach"
"599","V Volbrecht","M Pitts"
"600","F Kingdom","A Yoonessi"
"602","J Watanabe","S Nishida"
"603","I Kuriki","S Nishida"
"604","I Kuriki","J Watanabe"
"605","P Kay","M Webster"
"606","V Billock","V Billock"
"608","C Thomas","M Behrmann"
"609","R Kimchi","M Behrmann"
"610","R Kimchi","C Thomas"
"611","J Mendola","J Mendola"
"612","S Harrison","T Ro"
"615","J O'Brien","J Spencer"
"616","L Robertson","A Landau"
"617","M Peterson","A Landau"
"618","M Peterson","L Robertson"
"619","N Soroker","A Landau"
"620","N Soroker","L Robertson"
"621","N Soroker","M Peterson"
"622","Y Bonneh","A Landau"
"623","Y Bonneh","L Robertson"
"624","Y Bonneh","M Peterson"
"625","Y Bonneh","N Soroker"
"626","S Bentin","A Landau"
"627","S Bentin","L Robertson"
"628","S Bentin","M Peterson"
"629","S Bentin","N Soroker"
"630","S Bentin","Y Bonneh"
"631","D Field","J Wann"
"632","M Mon-Williams","J Wann"
"633","M Mon-Williams","D Field"
"634","G Humphreys","H Allen"
"635","D Giaschi","D Giaschi"
"637","G Dutton","J Calvert"
"638","G Dutton","V Manahilov"
"640","R Lier","R Lier"
"642","B Landau","M Palomares"
"643","H Egeth","M Palomares"
"644","H Egeth","B Landau"
"645","S He","S Cheung"
"646","G Legge","S Cheung"
"647","G Legge","S He"
"648","X Hu","S Cheung"
"649","X Hu","S He"
"650","X Hu","G Legge"
"652","K Dobkins","K Dobkins"
"653","M Harrison","H Zhong"
"654","W Warren","H Zhong"
"655","W Warren","M Harrison"
"659","S Creem-Regehr","B Mohler"
"660","W Thompson","B Mohler"
"662","P Bex","P Bex"
"663","J Philbeck","J Philbeck"
"664","S Creem-Regehr","P Willemsen"
"665","W Thompson","P Willemsen"
"667","W Warren","J Owens"
"668","W Warren","H Bruggeman"
"669","H Bruggeman","J Cohen"
"670","W Warren","J Cohen"
"672","L Stone","L Li"
"673","J Loomis","A Beall"
"674","J Kelly","A Beall"
"675","J Kelly","J Loomis"
"676","E Mingolla","S Grossberg"
"677","J Bower","R Ni"
"678","G Andersen","R Ni"
"679","G Andersen","J Bower"
"680","B Fajen","G Diaz"
"681","B Fajen","B Fajen"
"682","T Sato","T Sato"
"683","R Allard","J Faubert"
"684","H Kaneko","H Kaneko"
"685","J Wann","R Wilkie"
"687","P Schrater","P Schrater"
"688","M Braunstein","M Braunstein"
"689","S Kanazawa","N Shirai"
"690","M Yamaguchi","N Shirai"
"692","N Grzywacz","N Grzywacz"
"693","M Yamaguchi","T Imura"
"694","M Tomonaga","T Imura"
"695","M Tomonaga","M Yamaguchi"
"696","A Yagi","T Imura"
"697","A Yagi","M Yamaguchi"
"698","A Yagi","M Tomonaga"
"699","H Ono","H Ono"
"700","F Durgin","F Durgin"
"701","H Buelthoff","A Welchman"
"703","B Dyre","B Dyre"
"704","R Gray","R Gray"
"705","P Schrater","P Battaglia"
"706","D Kersten","P Battaglia"
"707","D Kersten","P Schrater"
"708","M Lages","M Lages"
"709","E Brannon","E Brannon"
"710","W Hayward","L Chan"
"711","W Gerbino","C Fantoni"
"712","P Kellman","C Fantoni"
"713","P Kellman","W Gerbino"
"714","M Peterson","J Kim"
"715","V Lamme","H Scholte"
"716","J Malik","J Malik"
"717","M Scheessele","M Scheessele"
"718","G Bingham","A Wilson"
"719","M Kubovy","M Berg"
"720","P Gerhardstein","J Tse"
"721","A Mack","A Mack"
"722","J Pomerantz","J Pomerantz"
"723","M Kubovy","L Strother"
"724","B Scholl","L Feigenson"
"725","P Sinha","Y Ostrovsky"
"726","T Ganel","C Gonzalez"
"727","M Goodale","C Gonzalez"
"728","M Goodale","T Ganel"
"729","R Post","R Post"
"730","V Franz","V Franz"
"733","S Pardhan","S Pardhan"
"734","L Matin","W Li"
"735","M Goodale","J Culham"
"736","C Wright","A Winkler"
"737","C Chubb","A Winkler"
"738","C Chubb","C Wright"
"739","S Nishida","S Nishida"
"741","J Haynes","C Ruff"
"742","G Rees","C Ruff"
"744","J Driver","C Ruff"
"745","J Driver","J Haynes"
"746","J Driver","G Rees"
"747","I Fine","I Fine"
"748","V Lamme","V Lamme"
"749","S Kastner","K Schneider"
"750","M Carandini","W Geisler"
"751","J Triesch","J Triesch"
"752","C Rothkopf","D Ballard"
"753","A Casile","M Rucci"
"754","Y Li","L Sharan"
"755","E Adelson","L Sharan"
"756","E Adelson","Y Li"
"757","K Gegenfurtner","F Wichmann"
"758","B Rossion","C Jacques"
"759","O Cheung","I Gauthier"
"760","F Newell","I Bülthoff"
"761","F Jiang","A O'Toole"
"762","V Blanz","A O'Toole"
"763","V Blanz","F Jiang"
"764","M Rutherford","M Rutherford"
"765","M Goodale","D Quinlan"
"766","J Culham","D Quinlan"
"768","M Hayhoe","N Mennie"
"769","B Sullivan","N Mennie"
"771","K Nakayama","J Song"
"772","B Rogers","B Rogers"
"776","D Angelaki","G DeAngelis"
"777","D Smilek","A Frischen"
"779","F Moradi","S Shimojo"
"780","C Koch","S Shimojo"
"781","C Koch","F Moradi"
"782","R Klein","J Raymond"
"783","J Raymond","J Raymond"
"785","M Palomares","D Kim"
"786","H Egeth","D Kim"
"788","J Saiki","T Kumada"
"791","J Hillis","B Backus"
"792","J Saunders","B Backus"
"793","J Saunders","J Hillis"
"795","D Knill","B Hu"
"796","M Banks","A Girshick"
"797","F Domini","C Caudek"
"799","E Kimura","E Kimura"
"800","P Schiller","Y Zhang"
"801","Y Jiang","R Sussman"
"802","S Tipper","A Frischen"
"803","M Becker","M Becker"
"804","K Michod","M Kunar"
"805","J Wolfe","M Kunar"
"807","H Ogawa","M Terao"
"808","A Yagi","M Terao"
"809","A Yagi","H Ogawa"
"810","G Zelinsky","M Neider"
"811","Y Jiang","W Shim"
"812","M Beck","M Peterson"
"813","W Boot","M Peterson"
"814","W Boot","M Beck"
"815","A Kramer","M Peterson"
"816","A Kramer","M Beck"
"817","A Kramer","W Boot"
"818","C Myers","C Myers"
"820","R Sekuler","Y Yotsumoto"
"825","D Levin","D Varakin"
"826","H Chu","R Rauschenberger"
"827","J Kawahara","J Kawahara"
"828","S Luck","J Hyun"
"829","A Hollingworth","J Johnson"
"830","S Luck","J Johnson"
"831","S Luck","A Hollingworth"
"833","D Fitzpatrick","S MacEvoy"
"834","J Zhang","D Hood"
"835","X Zhang","D Hood"
"836","X Zhang","J Zhang"
"837","J Zheng","B Zhang"
"838","E Smith","B Zhang"
"839","E Smith","J Zheng"
"840","Y Chino","B Zhang"
"841","Y Chino","J Zheng"
"842","Y Chino","E Smith"
"843","D Lyon","D Lyon"
"844","A Williams","A Williams"
"845","C Schor","C Levitan"
"846","M Banks","C Levitan"
"847","M Banks","C Schor"
"848","D Irwin","D Irwin"
"849","A Oliva","A Oliva"
"850","P MacNeilage","C Levitan"
"852","M Banks","P MacNeilage"
"854","C Schor","P MacNeilage"
"856","S Stevenson","J Mulligan"
"857","L Cormack","J Mulligan"
"858","L Cormack","S Stevenson"
"859","C Rothkopf","J Pelz"
"860","A Roorda","A Raghunandan"
"861","S Stevenson","A Raghunandan"
"862","S Stevenson","A Roorda"
"863","A Hollingworth","A Hollingworth"
"864","J Edelman","J Edelman"
"865","S Shimojo","C Simion"
"866","S Tachi","J Watanabe"
"867","J Henderson","J Henderson"
"868","L Stone","B Beutter"
"869","J Reynolds","M Fallah"
"871","S Johnson","M Frank"
"872","J Drover","R Adams"
"873","M Courage","R Adams"
"874","M Courage","J Drover"
"875","L Olzak","P Laurinen"
"876","T Saarela","P Laurinen"
"877","T Saarela","L Olzak"
"878","M Tsodyks","M Katkov"
"879","D Sagi","M Katkov"
"880","D Sagi","M Tsodyks"
"881","J Fiser","W Makous"
"882","P Bex","W Makous"
"883","P Bex","J Fiser"
"884","C Tyler","L Kontsevich"
"885","S Jeon","L Lesmes"
"886","Z Lu","L Lesmes"
"887","Z Lu","S Jeon"
"888","B Dosher","L Lesmes"
"889","B Dosher","S Jeon"
"890","B Dosher","Z Lu"
"891","B Spehar","J Cass"
"892","D Alais","J Cass"
"893","D Alais","B Spehar"
"894","R Arrighi","J Cass"
"895","R Arrighi","B Spehar"
"896","R Arrighi","D Alais"
"897","S Bouvier","K Cardinal"
"899","S Engel","S Bouvier"
"900","L McLin","P Smith"
"901","N Prins","F Kingdom"
"902","R Allard","I Legault"
"903","J Faubert","I Legault"
"905","H Wilson","F Poirier"
"907","H Orbach","G Kennedy"
"908","G Loffler","G Kennedy"
"909","G Loffler","H Orbach"
"911","P Lovell","P Lovell"
"912","J Fulvio","M Singh"
"913","H Wilson","S Rainville"
"914","S Adler","T Baker"
"915","J Tse","T Baker"
"916","J Tse","S Adler"
"917","P Gerhardstein","T Baker"
"918","P Gerhardstein","S Adler"
"920","C Chubb","J Victor"
"921","M Conte","J Victor"
"922","M Conte","C Chubb"
"925","J Elder","Y Morgenstern"
"926","C Tyler","S Klein"
"930","A Chauvin","F Gosselin"
"932","P Schyns","A Chauvin"
"933","M Arguin","F Gosselin"
"934","M Arguin","A Chauvin"
"935","M Arguin","P Schyns"
"936","P Bennett","M Nagai"
"937","A Sekuler","M Nagai"
"938","A Sekuler","P Bennett"
"939","P Bennett","C Taylor"
"940","A Sekuler","C Taylor"
"943","A Ahumada","A Ahumada"
"944","D Sagi","U Polat"
"945","D Sagi","O Yehezkel"
"946","U Polat","O Yehezkel"
"948","G Rousselet","P Bennett"
"950","A Sekuler","G Rousselet"
"951","N Parks","P Corballis"
"952","A Shapiro","P Corballis"
"953","A Shapiro","N Parks"
"954","A Smith","H Ashida"
"955","D Birtles","J Atkinson"
"957","J Wattam-Bell","D Birtles"
"959","O Braddick","D Birtles"
"961","N Witthoft","J Winawer"
"962","A Huk","J Winawer"
"963","A Huk","N Witthoft"
"964","M Sereno","A Saygin"
"967","R Blake","J Lappin"
"968","J Movshon","M Jazayeri"
"969","T Pasternak","T Pasternak"
"970","B Anderson","B Anderson"
"971","C Chen","C Chen"
"972","H Ogmen","M Herzog"
"973","R Nelson","S Palmer"
"974","R Heydt","R Heydt"
"976","M Herzog","T Otto"
"977","A Nagy","A Nagy"
"978","J Enns","A Muhlenen"
"979","R Krauzlis","R Krauzlis"
"980","B Gibson","B Gibson"
"983","J Murray","A Sahraie"
"985","F Fang","Y Jiang"
"986","S He","Y Jiang"
"989","M Kibbe","Z Kaldy"
"990","M Kibbe","E Blaser"
"993","M Pomplun","M Kibbe"
"994","C Ruff","A Kristjansson"
"995","J Driver","A Kristjansson"
"997","W Schoonveld","S Shimozaki"
"999","M Eckstein","W Schoonveld"
"1000","S Vecera","M Matsukura"
"1002","A Girshick","D Vishwanath"
"1003","M Banks","D Vishwanath"
"1005","J Norman","J Norman"
"1007","C Miller","C Granrud"
"1008","Z Pizlo","Y Li"
"1009","F Phillips","F Phillips"
"1010","M Georgeson","A Schofield"
"1011","H Ridder","A Doorn"
"1012","J Koenderink","A Doorn"
"1013","J Koenderink","H Ridder"
"1014","H Bülthoff","R Fleming"
"1015","H Neumann","R Fleming"
"1016","V Interrante","V Interrante"
"1017","M Albert","S Shuwairi"
"1019","S Johnson","M Albert"
"1020","T Palmeri","A Wong"
"1021","I Gauthier","A Wong"
"1022","I Gauthier","T Palmeri"
"1023","J Tanaka","A Wong"
"1024","J Tanaka","T Palmeri"
"1025","J Tanaka","I Gauthier"
"1027","I Gauthier","K Curby"
"1028","B Rossion","C Schiltz"
"1029","D Bub","C Bukach"
"1030","I Gauthier","C Bukach"
"1031","I Gauthier","D Bub"
"1032","M Tarr","C Bukach"
"1033","M Tarr","D Bub"
"1034","M Tarr","I Gauthier"
"1035","G Rhodes","W Hayward"
"1036","D Sheinberg","J Singer"
"1037","C Kim","J Kim"
"1038","S Engel","S Engel"
"1039","K Nakayama","A Harris"
"1043","B Rossion","C Michel"
"1044","B Rossion","R Caldara"
"1045","B Rossion","J Han"
"1046","B Rossion","V Goffaux"
"1047","C Ellis","C Kung"
"1048","M Tarr","C Kung"
"1049","M Tarr","C Ellis"
"1053","M Kim","T Carlson"
"1054","D Kim","T Carlson"
"1055","D Kim","M Kim"
"1056","F Verstraten","T Carlson"
"1057","F Verstraten","M Kim"
"1058","F Verstraten","D Kim"
"1060","J Todd","D Fougnie"
"1061","R Marois","D Fougnie"
"1062","R Marois","J Todd"
"1063","N Lavie","N Lavie"
"1064","E Peli","R Woods"
"1065","L Itti","L Itti"
"1067","Y Jiang","Y Shen"
"1068","D Levin","D Levin"
"1069","M Beck","B Angelone"
"1070","D Levin","B Angelone"
"1071","D Levin","M Beck"
"1073","G Dutton","H Orbach"
"1075","A Kappers","J Koenderink"
"1076","A Kappers","A Doorn"
"1077","S Pont","J Koenderink"
"1078","S Pont","A Doorn"
"1079","S Pont","A Kappers"
"1080","J Todd","J Koenderink"
"1081","J Todd","A Doorn"
"1082","J Todd","A Kappers"
"1083","J Todd","S Pont"
"1084","E Colombo","E Colombo"
"1085","P Laurinen","I Kurki"
"1086","I Zemach","M Rudd"
"1087","P Howe","M Livingstone"
"1089","C Fantoni","C Fantoni"
"1090","M Langer","M Langer"
"1092","L Maloney","J Fulvio"
"1093","L Maloney","M Singh"
"1094","S Gori","S Gori"
"1095","L Maloney","M Landy"
"1096","S Nishida","I Motoyoshi"
"1097","E Adelson","I Motoyoshi"
"1098","E Adelson","S Nishida"
"1099","B Dillenburger","B Dillenburger"
"1100","P Kellman","P Kellman"
"1101","S Hochstein","S Hochstein"
"1102","B Pinna","J Werner"
"1103","L Spillmann","J Werner"
"1104","L Spillmann","B Pinna"
"1105","J Barraza","J Barraza"
"1106","S Grossberg","S Grossberg"
"1107","C Schor","B Liu"
"1109","R Krauzlis","Z Hafed"
"1110","R Krauzlis","D Liston"
"1111","V Ferrera","C Cassanello"
"1112","R McPeek","R McPeek"
"1114","E Miller","A Pasupathy"
"1115","K Nakayama","J Wilmer"
"1116","K Gegenfurtner","B White"
"1117","D Kerzel","B White"
"1119","J Barton","M Cain"
"1120","M Berg","M Berg"
"1121","E FitzGibbon","B Sheliga"
"1122","F Miles","B Sheliga"
"1123","F Miles","E FitzGibbon"
"1126","C Schor","C Schor"
"1127","S Heinen","S Watamaniuk"
"1129","M Rucci","M Rucci"
"1130","D Tolhurst","C Ripamonti"
"1131","T Troscianko","C Ripamonti"
"1132","T Troscianko","D Tolhurst"
"1133","M Paradiso","M Paradiso"
"1140","B Backus","D Chang"
"1141","D Field","D Field"
"1142","A Bovik","W Geisler"
"1143","F Wichmann","J Drewes"
"1144","K Gegenfurtner","J Drewes"
"1146","D Fiset","A Chauvin"
"1148","M Arguin","D Fiset"
"1150","F Gosselin","D Fiset"
"1152","Y Liu","L Cormack"
"1153","A Bovik","L Cormack"
"1154","A Bovik","Y Liu"
"1155","S Han","M Conte"
"1157","J Victor","S Han"
"1159","K Valois","T Takeuchi"
"1161","M Chun","Y Xu"
"1162","S Thompson-Schill","S Thompson-Schill"
"1163","Y Jiang","D Chen"
"1164","I Olson","I Olson"
"1165","B Scholl","J Flombaum"
"1166","B Scholl","B Scholl"
"1197","M Hayhoe","J Droll"
"1198","C Tallon-Baudry","C Tallon-Baudry"
"1199","J Delvenne","J Delvenne"
"1200","J Raymond","M Jackson"
"1201","M Watanabe","M Watanabe"
"1202","M Palomares","J Liu"
"1203","C Leonard","J Liu"
"1204","C Leonard","M Palomares"
"1205","H Egeth","J Liu"
"1207","H Egeth","C Leonard"
"1209","L Maloney","T Hudson"
"1211","B McCann","D Knill"
"1212","P Schrater","E Schlicht"
"1213","H Goltz","J Crawford"
"1214","J DeSouza","J Crawford"
"1215","J DeSouza","H Goltz"
"1216","T Vilis","J Crawford"
"1217","T Vilis","H Goltz"
"1218","T Vilis","J DeSouza"
"1219","M Sereno","J Nelson"
"1220","R Breveglieri","P Fattori"
"1221","C Galletti","P Fattori"
"1222","C Galletti","R Breveglieri"
"1223","M Riesenhuber","V Blanz"
"1225","M Behrmann","G Avidan"
"1226","K Grill-Spector","G Golarai"
"1227","T Busey","T Busey"
"1228","C Bukach","R Grand"
"1229","M Kaiser","R Grand"
"1230","M Kaiser","C Bukach"
"1231","D Bub","R Grand"
"1233","D Bub","M Kaiser"
"1234","J Tanaka","R Grand"
"1235","J Tanaka","C Bukach"
"1236","J Tanaka","M Kaiser"
"1237","J Tanaka","D Bub"
"1238","E Awh","E Awh"
"1239","A Holcombe","P Cavanagh"
"1240","S Luck","S Luck"
"1241","G Alvarez","B Scholl"
"1243","L Feigenson","J Halberda"
"1244","A Seiffert","A Seiffert"
"1245","M Nawrot","M Nawrot"
"1246","J Crawford","A Khan"
"1247","N Bruno","N Bruno"
"1248","L Shams","L Shams"
"1249","M Greenlee","M Greenlee"
"1250","M Kubovy","M Kubovy"
"1251","M Ernst","M Ernst"
"1252","T Macuda","R Allison"
"1253","P Guterman","R Allison"
"1254","P Guterman","T Macuda"
"1255","D Whitney","D Bressler"
"1256","R Cai","R Cai"
"1260","B Scholl","H Choi"
"1262","G Gordon","G Loffler"
"1263","G Gordon","H Orbach"
"1264","H Hock","D Nichols"
"1265","T Kawabe","Y Yamada"
"1266","H Neumann","H Neumann"
"1267","K Hamburger","O Speck"
"1268","B Pinna","O Speck"
"1269","B Pinna","K Hamburger"
"1270","L Spillmann","L Maloney"
"1276","Y Lin","R Ni"
"1277","Y Lin","G Andersen"
"1278","D Whitney","H Goltz"
"1280","T Vilis","D Whitney"
"1281","R Goebel","R Goebel"
"1282","S Lee","H Lee"
"1283","Z Kourtzi","Z Kourtzi"
"1284","G DeAngelis","C Anderson"
"1285","D Purves","Z Yang"
"1286","T Poggio","M Riesenhuber"
"1287","R Jacobs","M Michel"
"1288","C Zetzsche","C Zetzsche"
"1289","J Samonds","Z Zhou"
"1290","M Bernard","Z Zhou"
"1291","M Bernard","J Samonds"
"1292","A Bonds","Z Zhou"
"1293","A Bonds","J Samonds"
"1294","A Bonds","M Bernard"
"1303","J Li","J Li"
"1305","J Hirsch","X Zhang"
"1306","J Hirsch","D Hood"
"1307","D Burr","O Carter"
"1308","P Cavanagh","L Battelli"
"1309","J Barton","L Battelli"
"1310","J Barton","P Cavanagh"
"1311","Y Jiang","T Vickery"
"1312","M Carrasco","S Ling"
"1313","D Sagi","A Gorea"
"1314","J Saiki","J Saiki"
"1315","M Behrmann","S Shomstein"
"1316","J Dannemiller","J Dannemiller"
"1317","C Koch","R Peters"
"1318","L Itti","R Peters"
"1319","L Itti","C Koch"
"1321","D Kerzel","D Kerzel"
"1322","L Madelain","J Wallman"
"1323","R Krauzlis","J Wallman"
"1324","R Krauzlis","L Madelain"
"1326","J Martinez-Trujillo","A Khan"
"1327","J Martinez-Trujillo","J Crawford"
"1328","J Clark","J Clark"
"1329","W Geisler","J Najemnik"
"1331","C Dickinson","G Zelinsky"
"1332","X Chen","G Zelinsky"
"1333","X Chen","C Dickinson"
"1335","M Neider","C Dickinson"
"1336","M Neider","X Chen"
"1338","C Clifford","J Pearson"
"1339","R Ee","L Dam"
"1340","F Verstraten","R Kanai"
"1341","R Ee","R Ee"
"1342","J Williams","K Huxlin"
"1343","B Sullivan","K Huxlin"
"1344","B Sullivan","J Williams"
"1345","M Hayhoe","K Huxlin"
"1346","M Hayhoe","J Williams"
"1349","B Dosher","P Jeter"
"1350","A Petrov","P Jeter"
"1351","A Petrov","B Dosher"
"1352","Z Lu","P Jeter"
"1354","Z Lu","A Petrov"
"1355","H Lu","B Thompson"
"1356","Z Liu","B Thompson"
"1358","D Pelli","J Suchow"
"1359","A Seitz","J Nanez"
"1360","S Holloway","J Nanez"
"1361","S Holloway","A Seitz"
"1362","T Watanabe","J Nanez"
"1364","T Watanabe","S Holloway"
"1365","M Kawato","A Seitz"
"1367","T Watanabe","M Kawato"
"1369","T Watanabe","Y Sasaki"
"1370","R Kanai","D Wu"
"1371","S Shimojo","D Wu"
"1372","S Shimojo","R Kanai"
"1373","L Spillmann","J Hardy"
"1374","J Werner","J Hardy"
"1377","Y Petrov","P Verghese"
"1378","S McKee","P Verghese"
"1381","S Miyauchi","Y Tanaka"
"1382","M Misaki","Y Tanaka"
"1383","M Misaki","S Miyauchi"
"1388","S Beardsley","F Calabro"
"1389","L Vaina","F Calabro"
"1390","L Vaina","S Beardsley"
"1391","T Cohn","J Barton"
"1393","A Yonas","A Yonas"
"1394","T Sugar","M McBeath"
"1395","I Howard","R Allison"
"1400","Y Ostrovsky","B Balas"
"1403","I Biederman","K Hayworth"
"1407","H Boyaci","S Murray"
"1408","D Kersten","S Murray"
"1409","D Kersten","H Boyaci"
"1410","S Johnston","S Johnston"
"1411","P Dux","I Harris"
"1412","D Proffitt","J Bakdash"
"1413","G Kroliczak","L Brown"
"1414","M Goodale","L Brown"
"1415","M Goodale","G Kroliczak"
"1418","M Flanagan","J May"
"1419","H Li","S Oh"
"1421","L Shams","S Shimojo"
"1422","J Norman","H Norman"
"1423","V Ramachandran","V Ramachandran"
"1424","D Angelaki","D Angelaki"
"1426","S Shevell","A D'Antona"
"1427","N Graham","S Wolfson"
"1428","M Herzog","F Scharnowski"
"1429","G Francis","G Francis"
"1431","M Herzog","F Hermens"
"1433","S Nishida","A Johnston"
"1434","S Nishida","D Arnold"
"1435","M Crognale","Y Mizokami"
"1436","D Eagleman","D Eagleman"
"1437","N Lavie","D Carmel"
"1438","G Rees","D Carmel"
"1439","G Rees","N Lavie"
"1441","D Lindsey","A Brown"
"1442","C Hou","A Norcia"
"1443","L Wilcox","L Wilcox"
"1444","T Troscianko","P Lovell"
"1445","C Parraga","P Lovell"
"1446","C Parraga","T Troscianko"
"1447","J Burge","M Banks"
"1448","G Orban","J Todd"
"1450","Z Jin","R Rosenholtz"
"1455","D Brainard","B Xiao"
"1456","F Kingdom","A Johnson"
"1457","C Baker","A Johnson"
"1458","C Baker","F Kingdom"
"1459","K Gegenfurtner","T Hansen"
"1460","H Boyaci","K Doerschner"
"1461","L Maloney","K Doerschner"
"1462","L Maloney","H Boyaci"
"1466","Y Ling","A Hurlbert"
"1467","S Most","S Most"
"1470","B Angelone","M Peterson"
"1472","B Bridgeman","B Bridgeman"
"1474","S Martinez-Conde","D Simons"
"1475","S Martinez-Conde","A Lleras"
"1476","E Caddigan","D Simons"
"1477","E Caddigan","A Lleras"
"1478","E Caddigan","S Martinez-Conde"
"1479","L Fox","M Potter"
"1480","H Farid","M Bravo"
"1481","J Forte","J Forte"
"1482","H Tamura","M Ishii"
"1483","T Meese","M Georgeson"
"1484","D Baker","M Georgeson"
"1485","D Baker","T Meese"
"1488","S Stevenson","S Stevenson"
"1492","S Cheung","D Yu"
"1493","G Legge","D Yu"
"1495","S Chung","D Yu"
"1496","S Chung","S Cheung"
"1497","S Chung","G Legge"
"1498","A Caspi","A Caspi"
"1499","T Berger","D Pelli"
"1500","N Majaj","D Pelli"
"1501","N Majaj","T Berger"
"1502","M Martelli","D Pelli"
"1503","M Martelli","T Berger"
"1504","M Martelli","N Majaj"
"1505","K Tillman","D Pelli"
"1506","K Tillman","T Berger"
"1507","K Tillman","N Majaj"
"1508","K Tillman","M Martelli"
"1509","G Legge","M Kwon"
"1510","Z Lu","Z Lu"
"1511","T Poggio","G Geiger"
"1512","A Martin","A Martin"
"1513","A Ahumada","L Scharff"
"1516","J Zhang","C Yu"
"1517","S Kuai","C Yu"
"1518","S Kuai","J Zhang"
"1519","L Liu","C Yu"
"1520","L Liu","J Zhang"
"1521","L Liu","S Kuai"
"1522","T Sejnowski","T Sejnowski"
"1523","T Cohn","T Cohn"
"1524","P Bennett","Z Hussain"
"1525","A Sekuler","Z Hussain"
"1527","J Husk","G Rousselet"
"1529","P Bennett","J Husk"
"1531","A Sekuler","J Husk"
"1539","A Sekuler","C Gaspar"
"1540","P Bennett","C Gaspar"
"1542","M Edwards","E McKone"
"1543","R Robbins","E McKone"
"1544","R Robbins","M Edwards"
"1545","S Schweinberger","S Schweinberger"
"1546","J Haxby","M Gobbini"
"1547","P Downing","M Peelen"
"1548","G Rhodes","T Watson"
"1549","C Clifford","T Watson"
"1550","C Clifford","G Rhodes"
"1551","P Perona","P Perona"
"1552","N Guyader","N Guyader"
"1553","L Wang","C Collin"
"1554","G Rhodes","D Leopold"
"1555","L Jeffery","D Leopold"
"1556","L Jeffery","G Rhodes"
"1557","C Collin","C Collin"
"1558","D Kaping","Y Mizokami"
"1559","M Webster","Y Mizokami"
"1560","M Webster","D Kaping"
"1561","Z Vidnyánszky","G Kovács"
"1563","H Hock","H Hock"
"1564","J Lorenceau","J Lorenceau"
"1569","L Vaina","L Vaina"
"1571","D Dong","D Dong"
"1572","S Nishida","K Amano"
"1573","T Takeda","K Amano"
"1574","T Takeda","S Nishida"
"1575","A Wade","S Heinen"
"1579","M Giese","J Jastorff"
"1580","Z Kourtzi","J Jastorff"
"1581","Z Kourtzi","M Giese"
"1585","Y Otsuka","N Shirai"
"1599","M Bar","N Gronau"
"1602","I Harris","W Hayward"
"1605","J Todd","J Christensen"
"1606","M Chun","T Brady"
"1607","D Levi","S Chung"
"1608","R Li","S Chung"
"1609","R Li","D Levi"
"1610","F Gosselin","N Dupuis-Roy"
"1615","S Koyama","A Seitz"
"1616","S Koyama","J Nanez"
"1617","S Koyama","S Holloway"
"1621","T Watanabe","S Koyama"
"1624","C Rasche","M Wenger"
"1626","H Kaneko","T Sawada"
"1627","Z Lu","W Chu"
"1628","B Dosher","W Chu"
"1630","S Lee","W Chu"
"1631","S Lee","Z Lu"
"1632","S Lee","B Dosher"
"1633","M Ernst","J Burge"
"1635","M Banks","M Ernst"
"1637","S Yeh","Y Chen"
"1638","A Treisman","K Evans"
"1639","Y Masakura","M Ichikawa"
"1640","D Arnold","W Fujisaki"
"1641","A Johnston","W Fujisaki"
"1643","S Nishida","W Fujisaki"
"1648","J Schirillo","J Schirillo"
"1649","M Grabowecky","E Smith"
"1650","S Suzuki","E Smith"
"1653","J Gold","J Gold"
"1654","J Haynes","L Shams"
"1655","G Rees","L Shams"
"1657","A Beer","A Beer"
"1658","F Lepore","F Lepore"
"1659","N Logothetis","E Brannon"
"1660","L Henriksson","A James"
"1661","S Vanni","A James"
"1662","S Vanni","L Henriksson"
"1666","T Carney","J Ales"
"1667","S Klein","J Ales"
"1668","S Klein","T Carney"
"1672","F Tong","F Tong"
"1673","C Tyler","C Tyler"
"1674","A Wade","M Schira"
"1675","L Kontsevich","M Schira"
"1676","L Kontsevich","A Wade"
"1677","C Tyler","M Schira"
"1678","C Tyler","A Wade"
"1680","L Wald","L Wald"
"1681","S Lee","S Lee"
"1682","T Watanabe","T Watanabe"
"1683","M McCloskey","D Dilks"
"1684","O Collignon","O Collignon"
"1693","N Gronau","E Aminoff"
"1696","B Motter","B Motter"
"1698","N Rubin","D Stanley"
"1699","S Liu","B Dosher"
"1701","Z Lu","S Liu"
"1703","G Alvarez","W Shim"
"1705","Y Jiang","G Alvarez"
"1709","C Morrone","D Burr"
"1710","A Chauvin","A Chauvin"
"1712","B Sullivan","C Rothkopf"
"1713","B Sullivan","D Ballard"
"1714","P Verghese","L Renninger"
"1715","I Gilchrist","C Ludwig"
"1716","R Baddeley","C Ludwig"
"1717","R Baddeley","I Gilchrist"
"1718","V Ferrera","J Hirsch"
"1719","J Enns","C Moore"
"1720","S Shimojo","M Watanabe"
"1721","Z Lu","L Appelbaum"
"1722","G Sperling","L Appelbaum"
"1723","G Sperling","Z Lu"
"1724","R Wezel","B Krekelberg"
"1726","T Albright","R Wezel"
"1727","E Simoncelli","A Stocker"
"1728","S Anstis","P Thompson"
"1730","F Pollick","S Jang"
"1734","M Shiffrar","M Shiffrar"
"1736","H Paterson","P McAleer"
"1737","F Pollick","P McAleer"
"1738","F Pollick","H Paterson"
"1739","Y Ma","H Paterson"
"1741","F Pollick","Y Ma"
"1744","F Loula","S Prasad"
"1745","M Shiffrar","S Prasad"
"1746","M Shiffrar","F Loula"
"1747","M Giese","C Roether"
"1751","T Kumada","H Ogawa"
"1752","M Chun","A Leber"
"1754","M Kunar","S Flusberg"
"1755","J Wolfe","S Flusberg"
"1757","E Davis","E Davis"
"1758","J McCarley","J McCarley"
"1759","K May","N Guyader"
"1760","L Zhaoping","N Guyader"
"1761","L Zhaoping","K May"
"1762","J Enns","A Lleras"
"1767","I Hooge","B Vlaskamp"
"1771","J Junge","J Junge"
"1773","S Scholte","J Fahrenfort"
"1774","V Lamme","J Fahrenfort"
"1775","V Lamme","S Scholte"
"1776","P Cavanagh","S Butcher"
"1781","L Gilroy","S Guttman"
"1782","R Blake","S Guttman"
"1784","I Sligte","H Scholte"
"1786","V Lamme","I Sligte"
"1788","S Palmer","T Ghose"
"1789","S Vecera","S Vecera"
"1790","J Hirsch","J Hirsch"
"1791","J Feldman","E Barenholtz"
"1792","G Kovács","I Kovács"
"1793","V Lamme","H Supèr"
"1795","C Mondloch","D Maurer"
"1796","B Tjan","X Yue"
"1798","I Biederman","B Tjan"
"1799","N Davidenko","N Davidenko"
"1800","F Kingdom","F Kingdom"
"1801","R Russell","R Russell"
"1802","S Adler","S Adler"
"1803","M Boucart","M Boucart"
"1805","I Thornton","K Pilz"
"1806","H Bülthoff","K Pilz"
"1807","H Bülthoff","I Thornton"
"1814","C Fantoni","M Luca"
"1817","M Luca","F Domini"
"1819","C Caudek","M Luca"
"1821","J Todd","L Thaler"
"1822","D Lindsey","L Thaler"
"1823","D Lindsey","J Todd"
"1827","P Cavanagh","R Chakravarthi"
"1828","J Driver","J Geng"
