"","id","label"
"1",1,"K Shapiro"
"2",2,"I Arend"
"3",3,"S Johnston"
"4",4,"S Joo"
"5",5,"S Chong"
"6",6,"M MacLean"
"7",7,"K Arnell"
"8",8,"J Kawahara"
"9",9,"L Jefferies"
"10",10,"V Lollo"
"11",11,"E Vul"
"12",12,"N Kanwisher"
"13",13,"P Dux"
"14",14,"R Marois"
"15",15,"I Harris"
"16",16,"F Chua"
"17",17,"J Sy"
"18",18,"B Giesbrecht"
"19",19,"J Elliott"
"20",20,"J Hoffman"
"21",21,"M Doran"
"22",22,"S Most"
"23",23,"C Oriet"
"24",24,"J Corbett"
"25",25,"H Choo"
"26",26,"J Chiao"
"27",27,"L Trick"
"28",28,"J Enns"
"29",29,"B Harvey"
"30",30,"O Braddick"
"31",31,"J Wattam-Bell"
"32",32,"D Birtles"
"33",33,"W Li"
"34",34,"J Atkinson"
"35",35,"R Allard"
"36",36,"J Faubert"
"37",37,"D Liu"
"38",38,"G Sperling"
"39",39,"A Rider"
"40",40,"A Johnston"
"41",41,"P McOwan"
"42",42,"R Hess"
"43",43,"M Braunstein"
"44",44,"G Andersen"
"45",45,"H Takemura"
"46",46,"I Murakami"
"47",47,"A Clarke"
"48",48,"S Rainville"
"49",49,"S Nishida"
"50",50,"R Gilmore"
"51",51,"B Dyre"
"52",52,"B Rokers"
"53",53,"L Cormack"
"54",54,"A Huk"
"55",55,"K Lee"
"56",56,"N Grzywacz"
"57",57,"D Hoffman"
"58",58,"M Banks"
"59",59,"A Lee"
"60",60,"A Yuille"
"61",61,"H Lu"
"62",62,"J Billino"
"63",63,"D Braun"
"64",64,"F Bremmer"
"65",65,"K Gegenfurtner"
"66",66,"J Swisher"
"67",67,"F Tong"
"68",68,"J Kim"
"69",69,"M Lescroart"
"70",70,"K Hayworth"
"71",71,"I Biederman"
"72",72,"J O'Brien"
"73",73,"J Raymond"
"74",74,"Y Chen"
"75",75,"J Haynes"
"76",76,"M Williams"
"77",77,"C Baker"
"78",78,"H Beeck"
"79",79,"Q Vuong"
"80",80,"J Schultz"
"81",81,"G Aguirre"
"82",82,"D Zhang"
"83",83,"J Freeman"
"84",84,"D Heeger"
"85",85,"T Serre"
"86",86,"G Kreiman"
"87",87,"T Poggio"
"88",88,"J Wagemans"
"89",89,"D Remus"
"90",90,"N Davidenko"
"91",91,"Y Hu"
"92",92,"K Grill-Spector"
"93",93,"P Bao"
"94",94,"X Yue"
"95",95,"B Tjan"
"96",96,"X Yan"
"97",97,"D Crawford"
"98",98,"B Hu"
"99",99,"D Knill"
"100",100,"E Roy"
"101",101,"G Desmarais"
"102",102,"S Rossit"
"103",103,"M Harvey"
"104",104,"C Striemer"
"105",105,"A Blangero"
"106",106,"L Pisella"
"107",107,"J Danckert"
"108",108,"L Brown"
"109",109,"J Culham"
"110",110,"G Kroliczak"
"111",111,"M Goodale"
"112",112,"M Giese"
"113",113,"A Casile"
"114",114,"O Kwon"
"115",115,"L Tremblay"
"116",116,"T Collins"
"117",117,"D Levin"
"118",118,"G Binsted"
"119",119,"M Heath"
"120",120,"D Henriques"
"121",121,"G Buckingham"
"122",122,"R Eskew"
"123",123,"K Amano"
"124",124,"B Wandell"
"125",125,"S Dumoulin"
"126",126,"I Kuriki"
"127",127,"H Ashida"
"128",128,"A Smith"
"129",129,"W Shim"
"130",130,"Y Jiang"
"131",131,"R Goebel"
"132",132,"B Gelder"
"133",133,"D Linden"
"134",134,"W Geisler"
"135",135,"Y Ostrovsky"
"136",136,"P Sinha"
"137",137,"A Oliva"
"138",138,"T Brady"
"139",139,"K May"
"140",140,"D Leopold"
"141",141,"L Maloney"
"142",142,"P Mamassian"
"143",143,"B Backus"
"144",144,"R Fleming"
"145",145,"Y Li"
"146",146,"E Adelson"
"147",147,"A Girshick"
"148",148,"J Burge"
"149",149,"G Erlikhman"
"150",150,"J Todd"
"151",151,"J Christensen"
"152",152,"R Held"
"153",153,"M Berryhill"
"154",154,"I Olson"
"155",155,"R Sayres"
"156",156,"T Carlson"
"157",157,"H Hogendoorn"
"158",158,"F Verstraten"
"159",159,"R Rajimehr"
"160",160,"K Devaney"
"161",161,"R Tootell"
"162",162,"S Gorlin"
"163",163,"J Sharma"
"164",164,"M Sur"
"165",165,"Y Wong"
"166",166,"I Gauthier"
"167",167,"N Kriegeskorte"
"168",168,"C Fantoni"
"169",169,"W Gerbino"
"170",170,"B Farell"
"171",171,"K Stroyan"
"172",172,"J Harris"
"173",173,"A Chopin"
"174",174,"R Ni"
"175",175,"M Ishii"
"176",176,"G Chen"
"177",177,"A Roe"
"178",178,"L Muckli"
"179",179,"H Shigemasu"
"180",180,"Y Miyawaki"
"181",181,"Y Kamitani"
"182",182,"M Kitazaki"
"183",183,"D Giaschi"
"184",184,"K MacKenzie"
"185",185,"L Wilcox"
"186",186,"F Durgin"
"187",187,"A Khan"
"188",188,"S Heinen"
"189",189,"R McPeek"
"190",190,"K Adolph"
"191",191,"J Franchak"
"192",192,"M Smith"
"193",193,"E Mingolla"
"194",194,"Z Hafed"
"195",195,"R Krauzlis"
"196",196,"J Wong"
"197",197,"M Peterson"
"198",198,"J Najemnik"
"199",199,"C Myers"
"200",200,"N Mennie"
"201",201,"A Montagnini"
"202",202,"E Castet"
"203",203,"A Bovik"
"204",204,"M Hayhoe"
"205",205,"D Wyatte"
"206",206,"T Busey"
"207",207,"J Jovancevic"
"208",208,"B Sullivan"
"209",209,"E Niebur"
"210",210,"G Logan"
"211",211,"X Li"
"212",212,"M Dodd"
"213",213,"S Stigchel"
"214",214,"A Hollingworth"
"215",215,"A Kingstone"
"216",216,"S Born"
"217",217,"D Kerzel"
"218",218,"T Takeuchi"
"219",219,"K Valois"
"220",220,"E Giora"
"221",221,"S Gori"
"222",222,"P Grove"
"223",223,"K Sakurai"
"224",224,"T Sato"
"225",225,"S Rushton"
"226",226,"K Singh"
"227",227,"G Orban"
"228",228,"Z Pizlo"
"229",229,"S Kim"
"230",230,"R Hayashi"
"231",231,"G Caplovitz"
"232",232,"P Tse"
"233",233,"A Yazdanbakhsh"
"234",234,"T Agostini"
"235",235,"R Cai"
"236",236,"W Prinzmetal"
"237",237,"M Grabowecky"
"238",238,"S Suzuki"
"239",239,"A Puri"
"240",240,"D Whitney"
"241",241,"N Al-Aidroos"
"242",242,"J Pratt"
"243",243,"J Palmer"
"244",244,"C Moore"
"245",245,"Y Park"
"246",246,"S Fuller"
"247",247,"M Carrasco"
"248",248,"N Matthews"
"249",249,"S Ghorashi"
"250",250,"A Flevaris"
"251",251,"S Bentin"
"252",252,"L Robertson"
"253",253,"J Abrams"
"254",254,"T Liu"
"255",255,"K Shin"
"256",256,"S Shimozaki"
"257",257,"A Roggeveen"
"258",258,"A Sekuler"
"259",259,"P Bennett"
"260",260,"H Lee"
"261",261,"L Hsu"
"262",262,"M Nagai"
"263",263,"A Yagi"
"264",264,"M Rutherford"
"265",265,"T Susilo"
"266",266,"E McKone"
"267",267,"M Edwards"
"268",268,"V Goffaux"
"269",269,"S He"
"270",270,"V Willenbockel"
"271",271,"D Fiset"
"272",272,"A Chauvin"
"273",273,"C Blais"
"274",274,"M Arguin"
"275",275,"J Tanaka"
"276",276,"D Bub"
"277",277,"F Gosselin"
"278",278,"P Pallett"
"279",279,"D MacLeod"
"280",280,"F Haist"
"281",281,"T Busigny"
"282",282,"B Rossion"
"283",283,"H Wilson"
"284",284,"M Daar"
"285",285,"F Wilkinson"
"286",286,"V Natu"
"287",287,"F Jiang"
"288",288,"S Keshvari"
"289",289,"A O'Toole"
"290",290,"D Maurer"
"291",291,"H Neumann"
"292",292,"J Davies-Thompson"
"293",293,"T Andrews"
"294",294,"G Yovel"
"295",295,"C Chen"
"296",296,"G Rhodes"
"297",297,"S Teng"
"298",298,"Y Tanaka"
"299",299,"S Arnott"
"300",300,"J Cant"
"301",301,"G Dutton"
"302",302,"Y Kim"
"303",303,"K Paller"
"304",304,"M McCourt"
"305",305,"A Seitz"
"306",306,"L Shams"
"307",307,"K Matsumiya"
"308",308,"S Shioiri"
"309",309,"M Gori"
"310",310,"G Sandini"
"311",311,"D Burr"
"312",312,"S Yeh"
"313",313,"K Yokosawa"
"314",314,"B Schneider"
"315",315,"A Harel"
"316",316,"A Heering"
"317",317,"K Nakayama"
"318",318,"G Chatterjee"
"319",319,"J DeGutis"
"320",320,"G Malcolm"
"321",321,"J Barton"
"322",322,"E Nakato"
"323",323,"Y Otsuka"
"324",324,"M Yamaguchi"
"325",325,"R Kakigi"
"326",326,"L Jeffery"
"327",327,"K Kelly"
"328",328,"J Steeves"
"329",329,"C Mondloch"
"330",330,"R Robbins"
"331",331,"G Anzures"
"332",332,"L Ge"
"333",333,"D Kelly"
"334",334,"O Pascalis"
"335",335,"P Quinn"
"336",336,"R Heide"
"337",337,"M Wenger"
"338",338,"J Bittner"
"339",339,"K Crookes"
"340",340,"P Gerhardstein"
"341",341,"F Farzin"
"342",342,"S Rivera"
"343",343,"J Murray"
"344",344,"D Somers"
"345",345,"A Huth"
"346",346,"C Koch"
"347",347,"T Konkle"
"348",348,"G Alvarez"
"349",349,"J Johnson"
"350",350,"J Spencer"
"351",351,"G Woodman"
"352",352,"L Feigenson"
"353",353,"T Sanocki"
"354",354,"N Sulman"
"355",355,"A Richard"
"356",356,"H Tsubomi"
"357",357,"K Watanabe"
"358",358,"L Lin"
"359",359,"L Wang"
"360",360,"K Curby"
"361",361,"P Ko"
"362",362,"A Seiffert"
"363",363,"M Scolari"
"364",364,"E Vogel"
"365",365,"E Awh"
"366",366,"W Zhang"
"367",367,"S Luck"
"368",368,"I Rasmussen"
"369",369,"I Sligte"
"370",370,"H Scholte"
"371",371,"V Lamme"
"372",372,"J Fiser"
"373",373,"M Lengyel"
"374",374,"S Martinez-Conde"
"375",375,"X Troncoso"
"376",376,"S Macknik"
"377",377,"M Goldberg"
"378",378,"C Leek"
"379",379,"J Churan"
"380",380,"D Guitton"
"381",381,"C Pack"
"382",382,"A Schütz"
"383",383,"L Sharan"
"384",384,"R Rosenholtz"
"385",385,"P Howe"
"386",386,"M Livingstone"
"387",387,"T Horowitz"
"388",388,"J Wolfe"
"389",389,"P Scalf"
"390",390,"D Beck"
"391",391,"A McCollough"
"392",392,"T Drew"
"393",393,"J Flombaum"
"394",394,"B Scholl"
"395",395,"T Makovski"
"396",396,"F Chavane"
"397",397,"A Reynaud"
"398",398,"G Masson"
"399",399,"A Schmid"
"400",400,"J Victor"
"401",401,"R Kumbhani"
"402",402,"J Movshon"
"403",403,"T Pasternak"
"404",404,"C Cassanello"
"405",405,"V Ferrera"
"406",406,"F Pollick"
"407",407,"R Vogels"
"408",408,"J Halberda"
"409",409,"A Lleras"
"410",410,"J Ahn"
"411",411,"B Levinthal"
"412",412,"S Gaal"
"413",413,"J Fahrenfort"
"414",414,"O Carter"
"415",415,"S Mitroff"
"416",416,"I Motoyoshi"
"417",417,"N Lavie"
"418",418,"P Kang"
"419",419,"S Shevell"
"420",420,"P Huang"
"421",421,"Y Su"
"422",422,"T Ooi"
"423",423,"Z He"
"424",424,"E Reavis"
"425",425,"S Afraz"
"426",426,"P Zhang"
"427",427,"S Hong"
"428",428,"S Ling"
"429",429,"R Blake"
"430",430,"D Alais"
"431",431,"D Apthorp"
"432",432,"B Breitmeyer"
"433",433,"B Sheth"
"434",434,"E Kimura"
"435",435,"S Abe"
"436",436,"K Goryo"
"437",437,"N Rubin"
"438",438,"J Hupé"
"439",439,"J Lorenceau"
"440",440,"T Knapen"
"441",441,"J Pearson"
"442",442,"J Brascamp"
"443",443,"R Ee"
"444",444,"S Chien"
"445",445,"J Chen"
"446",446,"P Phillips"
"447",447,"H Zhang"
"448",448,"Z Wang"
"449",449,"M Tarr"
"450",450,"W Hayward"
"451",451,"O Yehezkel"
"452",452,"J Kubilius"
"453",453,"D Dilks"
"454",454,"S Wolfson"
"455",455,"N Graham"
"456",456,"J Foley"
"457",457,"C Abbey"
"458",458,"C Chubb"
"459",459,"M Hairol"
"460",460,"S Waugh"
"461",461,"J Solomon"
"462",462,"M Morgan"
"463",463,"S Jeon"
"464",464,"Z Lu"
"465",465,"B Dosher"
"466",466,"M Katkov"
"467",467,"D Sagi"
"468",468,"M Kramer"
"469",469,"L Olzak"
"470",470,"A Haun"
"471",471,"E Essock"
"472",472,"M Lev"
"473",473,"U Polat"
"474",474,"M Levine"
"475",475,"J McAnany"
"476",476,"J Anderson"
"477",477,"P Hibbeler"
"478",478,"M Poletti"
"479",479,"M Rucci"
"480",480,"A Rosenberg"
"481",481,"C Wright"
"482",482,"S Allred"
"483",483,"D Brainard"
"484",484,"B Anderson"
"485",485,"B Blakeslee"
"486",486,"A Radonjić"
"487",487,"S Ivory"
"488",488,"A Gilchrist"
"489",489,"M Rudd"
"490",490,"A Shapiro"
"491",491,"H Gerhard"
"492",492,"F Poirier"
"493",493,"A Robinson"
"494",494,"S Nakadomari"
"495",495,"M Misaki"
"496",496,"S Miyauchi"
"497",497,"R Heitz"
"498",498,"J Cohen"
"499",499,"J Schall"
"500",500,"P Schrater"
"501",501,"S Watt"
"502",502,"B Keefe"
"503",503,"P Hibbard"
"504",504,"V Franz"
"505",505,"N Bruno"
"506",506,"J Marotta"
"507",507,"C Hesse"
"508",508,"M Mon-Williams"
"509",509,"G Bingham"
"510",510,"C Gonzalez"
"511",511,"P Bulakowski"
"512",512,"R Post"
"513",513,"R Pedersini"
"514",514,"M Wert"
"515",515,"M Kunar"
"516",516,"S Flusberg"
"517",517,"T Gao"
"518",518,"C Williams"
"519",519,"K Cave"
"520",520,"M Stroud"
"521",521,"H Yang"
"522",522,"G Zelinsky"
"523",523,"J Schmidt"
"524",524,"H Godwin"
"525",525,"T Menneer"
"526",526,"N Donnelly"
"527",527,"J Droll"
"528",528,"M Eckstein"
"529",529,"A Hillstrom"
"530",530,"E Brenner"
"531",531,"J Smeets"
"532",532,"E Palmer"
"533",533,"P Kellman"
"534",534,"G Francis"
"535",535,"T Yoshida"
"536",536,"E Caddigan"
"537",537,"D Walther"
"538",538,"L Fei-Fei"
"539",539,"C Gaspar"
"540",540,"G Rousselet"
"541",541,"C Mullin"
"542",542,"E Ward"
"543",543,"R Epstein"
"544",544,"J Haberman"
"545",545,"J Gardner"
"546",546,"C Nothelfer"
"547",547,"S Palmer"
"548",548,"D Baker"
"549",549,"D Simons"
"550",550,"A Yoonessi"
"551",551,"F Kingdom"
"552",552,"M Viva"
"553",553,"G Punzi"
"554",554,"K Knoblauch"
"555",555,"C Olman"
"556",556,"H Boyaci"
"557",557,"F Fang"
"558",558,"K Doerschner"
"559",559,"D Ellemberg"
"560",560,"A Johnson"
"561",561,"B Hansen"
"562",562,"N Prins"
"563",563,"B Webb"
"564",564,"T Ledgeway"
"565",565,"P McGraw"
"566",566,"C Fermuller"
"567",567,"Y Xu"
"568",568,"L Battelli"
"569",569,"A Pascual-Leone"
"570",570,"F Scharnowski"
"571",571,"M Herzog"
"572",572,"A D'Antona"
"573",573,"E Pechenkova"
"574",574,"W Fujisaki"
"575",575,"D Poggel"
"576",576,"H Strasburger"
"577",577,"A Bruno"
"578",578,"I Ayhan"
"579",579,"M Maertens"
"580",580,"R Shapley"
"581",581,"J Mulligan"
"582",582,"S Stevenson"
"583",583,"A Holcombe"
"584",584,"D Linares"
"585",585,"R Whitwell"
"586",586,"C Chapman"
"587",587,"J Witt"
"588",588,"S Khan"
"589",589,"P Chouinard"
"590",590,"K Valyear"
"591",591,"P Fattori"
"592",592,"R Breveglieri"
"593",593,"A Bosco"
"594",594,"C Galletti"
"595",595,"T Makin"
"596",596,"L Thaler"
"597",597,"C Hickey"
"598",598,"J Theeuwes"
"599",599,"W Schoonveld"
"600",600,"D Samaras"
"601",601,"T Foulsham"
"602",602,"Y Kuzmova"
"603",603,"A Rich"
"604",604,"A Brown"
"605",605,"D Lindsey"
"606",606,"E Reijnen"
"607",607,"J Drewes"
"608",608,"P Hsieh"
"609",609,"D Tadin"
"610",610,"D Glasser"
"611",611,"T Lewis"
"612",612,"T Moore"
"613",613,"D Kersten"
"614",614,"C Mevorach"
"615",615,"G Humphreys"
"616",616,"L Shalev"
"617",617,"S Han"
"618",618,"A Hsu"
"619",619,"T Cherian"
"620",620,"E Mayer"
"621",621,"R Caldara"
"622",622,"R Jenkins"
"623",623,"A Sekunova"
"624",624,"C Fox"
"625",625,"G Iaria"
"626",626,"M Meng"
"627",627,"M Mur"
"628",628,"L Dricot"
"629",629,"V Blanz"
"630",630,"B Duchaine"
"631",631,"L Garrido"
"632",632,"R Palermo"
"633",633,"A Hoover"
"634",634,"R Adams"
"635",635,"M Courage"
"636",636,"V Ciaramitaro"
"637",637,"K Dobkins"
"638",638,"E Roudaia"
"639",639,"B Landau"
"640",640,"E Gregory"
"641",641,"M McCloskey"
"642",642,"L Jakobson"
"643",643,"T Candy"
"644",644,"T Baker"
"645",645,"A Norcia"
"646",646,"J Brooks"
"647",647,"J Fischer"
"648",648,"F Fortenbaugh"
"649",649,"I Mareschal"
"650",650,"D Levi"
"651",651,"B Balas"
"652",652,"T Saarela"
"653",653,"B Sayim"
"654",654,"S Chung"
"655",655,"A Nandy"
"656",656,"D Wu"
"657",657,"P Cavanagh"
"658",658,"J Zhang"
"659",659,"L Liu"
"660",660,"C Yu"
"661",661,"A Schofield"
"662",662,"P Sun"
"663",663,"H Kaneko"
"664",664,"A Li"
"665",665,"Q Zaidi"
"666",666,"A Yonas"
"667",667,"T Papathomas"
"668",668,"A Sherman"
"669",669,"A Jain"
"670",670,"Z Bian"
"671",671,"L Matin"
"672",672,"B Angelone"
"673",673,"M Asano"
"674",674,"S Kanaya"
"675",675,"M Brady"
"676",676,"H Hughes"
"677",677,"K Swallow"
"678",678,"M Ichikawa"
"679",679,"J Trommershauser"
"680",680,"G West"
"681",681,"C Pun"
"682",682,"R Li"
"683",683,"D Bavelier"
"684",684,"L Itti"
"685",685,"O Krigolson"
"686",686,"Y Liu"
"687",687,"D Kim"
"688",688,"T Watanabe"
"689",689,"Y Tsushima"
"690",690,"J Garcia"
"691",691,"R Srinivasan"
"692",692,"E Grossman"
"693",693,"M Bach"
"694",694,"V Walsh"
"695",695,"M Yoshida"
"696",696,"K Takaura"
"697",697,"T Isa"
"698",698,"A Greenberg"
"699",699,"S Yantis"
"700",700,"M Hoffmann"
"701",701,"E Zohary"
"702",702,"M Arcaro"
"703",703,"S Kastner"
"704",704,"K Weiner"
"705",705,"P Pearson"
"706",706,"H Chen"
"707",707,"X Weng"
"708",708,"H Haladjian"
"709",709,"Z Pylyshyn"
"710",710,"M Frank"
"711",711,"S Mednick"
"712",712,"M Cohen"
"713",713,"A White"
"714",714,"H Fehd"
"715",715,"M Huff"
"716",716,"G Jahn"
"717",717,"S Schwan"
"718",718,"E Mettler"
"719",719,"B Keane"
"720",720,"S Tripathy"
"721",721,"G Kennedy"
"722",722,"B Barrett"
"723",723,"J Malik"
"724",724,"M Mack"
"725",725,"T Palmeri"
"726",726,"R Niimi"
"727",727,"D Kravitz"
"728",728,"H Galperin"
"729",729,"P Bex"
"730",730,"M Dixon"
"731",731,"H Liao"
"732",732,"S Shimojo"
"733",733,"M Saenz"
"734",734,"D Smilek"
"735",735,"M Luca"
"736",736,"M Ernst"
"737",737,"W Adams"
"738",738,"A Nestor"
"739",739,"A Harris"
"740",740,"M Moulson"
"741",741,"R Allison"
"742",742,"B Gillam"
"743",743,"S Palmisano"
"744",744,"Y Bonneh"
"745",745,"L Likova"
"746",746,"C Tyler"
"747",747,"A Welchman"
"748",748,"T Preston"
"749",749,"S Li"
"750",750,"C Rothkopf"
"751",751,"D Ballard"
"752",752,"T Sawada"
"753",753,"E Schlicht"
"754",754,"B McCann"
"755",755,"S Wu"
"756",756,"R Andersen"
"757",757,"J Song"
"758",758,"V Navalpakkam"
"759",759,"P Perona"
"760",760,"S Shomstein"
"761",761,"M Behrmann"
"762",762,"A Albrecht"
"763",763,"A List"
"764",764,"E Ester"
"765",765,"J Serences"
"766",766,"M Esterman"
"767",767,"S Liu"
"768",768,"W Neill"
"769",769,"Z Chen"
"770",770,"A Logvinenko"
"771",771,"E Altschuler"
"772",772,"A Huang"
"773",773,"Y Mizokami"
"774",774,"H Yaguchi"
"775",775,"Y Sun"
"776",776,"S Pas"
"777",777,"S Pont"
"778",778,"J Christiansen"
"779",779,"R Tokunaga"
"780",780,"D Foster"
"781",781,"A Ruppertsberg"
"782",782,"M Bloj"
"783",783,"M Olkkonen"
"784",784,"T Hansen"
"785",785,"P Monnier"
"786",786,"J Yang"
"787",787,"S Kanazawa"
"788",788,"C Witzel"
"789",789,"K Schloss"
"790",790,"C Wu"
"791",791,"B Hadad"
"792",792,"R Kimchi"
"793",793,"S Markovic"
"794",794,"B Spehar"
"795",795,"H Unuma"
"796",796,"H Hasegawa"
"797",797,"M Vergeer"
"798",798,"S Anstis"
"799",799,"R Lier"
"800",800,"A Sterkin"
"801",801,"L Kiorpes"
"802",802,"T Sweeny"
"803",803,"E Cohen"
"804",804,"K Maruya"
"805",805,"R Kanai"
"806",806,"R Hisakata"
"807",807,"S Kaneko"
"808",808,"M Pashkam"
"809",809,"H Norman"
"810",810,"J Norman"
"811",811,"M Taylor"
"812",812,"D Liston"
"813",813,"L Stone"
"814",814,"A Wilson"
"815",815,"U Wolfe"
"816",816,"M Cinelli"
"817",817,"W Warren"
"818",818,"J Fulvio"
"819",819,"T Hudson"
"820",820,"T Ganel"
"821",821,"S Linkenauger"
"822",822,"D Proffitt"
"823",823,"B Fajen"
"824",824,"G Diaz"
"825",825,"F Phillips"
"826",826,"M McBeath"
"827",827,"L Scharff"
"828",828,"A Ahumada"
"829",829,"D Yu"
"830",830,"H Park"
"831",831,"G Legge"
"832",832,"J Lu"
"833",833,"T Garaas"
"834",834,"M Pomplun"
"835",835,"H Goltz"
"836",836,"A Wong"
"837",837,"J Wilmer"
"838",838,"F Wichmann"
"839",839,"F Ostendorf"
"840",840,"J Otero-Millan"
"841",841,"J Edelman"
"842",842,"R Gurnsey"
"843",843,"M Grünau"
"844",844,"L Renninger"
"845",845,"P Verghese"
"846",846,"R Jack"
"847",847,"I Howard"
"848",848,"T Shipley"
"849",849,"H Sun"
"850",850,"R Dyde"
"851",851,"M Jenkin"
"852",852,"L Harris"
"853",853,"K Tillman"
"854",854,"D Pelli"
"855",855,"T Zhou"
"856",856,"L Chen"
"857",857,"Y Zhuo"
"858",858,"S Franconeri"
"859",859,"K Ehinger"
"860",860,"C Rasche"
"861",861,"M Fallah"
"862",862,"M Nawrot"
"863",863,"L Joyce"
"864",864,"M Terao"
"865",865,"J Watanabe"
"866",866,"M Spering"
"867",867,"D Souto"
"868",868,"Z Jin"
"869",869,"A Reeves"
"870",870,"Y Osada"
"871",871,"T Freeman"
"872",872,"C Erkelens"
"873",873,"J Badler"
"874",874,"J Jastorff"
"875",875,"K Koldewyn"
"876",876,"P Warren"
"877",877,"C Liu"
"878",878,"W Freeman"
"879",879,"W Einhäuser"
"880",880,"R VanRullen"
"881",881,"J New"
"882",882,"J Elder"
"883",883,"S Ghebreab"
"884",884,"A Smeulders"
"885",885,"R Baddeley"
"886",886,"M Palomares"
"887",887,"M Pettet"
"888",888,"C Hou"
"889",889,"S Hochstein"
"890",890,"N Turk-Browne"
"891",891,"M Johnson"
"892",892,"M Chun"
"893",893,"G Campana"
"894",894,"C Casco"
"895",895,"M Kang"
"896",896,"J Higgins"
"897",897,"R Wang"
"898",898,"D Pitcher"
"899",899,"J Goh"
"900",900,"M Jackson"
"901",901,"X Gao"
"902",902,"C Roy"
"903",903,"K Smith"
"904",904,"J Schirillo"
"905",905,"I Juricevic"
"906",906,"M Webster"
"907",907,"A Martinez"
"908",908,"B Jones"
"909",909,"L DeBruine"
"910",910,"J Wilder"
"911",911,"J Feldman"
"912",912,"M Singh"
"913",913,"E Barenholtz"
"914",914,"J Bell"
"915",915,"D Badcock"
"916",916,"L Betts"
"917",917,"I Kurki"
"918",918,"S Naito"
"919",919,"Y Nagasaka"
"920",920,"E Wasserman"
"921",921,"T Huang"
"922",922,"S Grossberg"
"923",923,"A Larson"
"924",924,"L Loschky"
"925",925,"K Michod"
"926",926,"C Dickinson"
"927",927,"H Intraub"
"928",928,"K Chang"
"929",929,"B Alvarez"
"930",930,"D Gajewski"
"931",931,"J Philbeck"
"932",932,"V Interrante"
"933",933,"W Thompson"
"934",934,"S Creem-Regehr"
"935",935,"H Zhao"
"936",936,"P Wang"
"937",937,"M Tarampi"
"938",938,"R Russell"
"939",939,"J Stefanucci"
"940",940,"M Geuss"
"941",941,"E Egan"
"942",942,"F Norman"
"943",943,"Y Lee"
"944",944,"M Lind"
"945",945,"S Jeong"
"946",946,"M Kim"
"947",947,"R Patterson"
"948",948,"H Jordan"
"949",949,"S Sally"
"950",950,"Y Sosa"
"951",951,"V Wyart"
"952",952,"C Tallon-Baudry"
"953",953,"W Zoest"
"954",954,"Z Li"
"955",955,"T Smith"
"956",956,"J Henderson"
"957",957,"C Leonard"
"958",958,"J Moher"
"959",959,"H Egeth"
"960",960,"S McMains"
"961",961,"Y Tsal"
"962",962,"B Olk"
"963",963,"J Ristic"
"964",964,"E Smith"
"965",965,"D Wilson"
"966",966,"J Cosman"
"967",967,"S Vecera"
"968",968,"A Berg"
"969",969,"D Nichols"
"970",970,"F Moradi"
"971",971,"D Carmel"
"972",972,"G Rees"
"973",973,"Y Yang"
"974",974,"P Marlow"
"975",975,"L Hugrass"
"976",976,"D Crewther"
"977",977,"D Bressler"
"978",978,"M Silver"
"979",979,"J Schumacher"
"980",980,"O Speck"
"981",981,"G Keith"
"982",982,"J DeSouza"
"983",983,"H Wang"
"984",984,"J Crawford"
"985",985,"K Mullen"
"986",986,"B Thompson"
"987",987,"C Casanova"
"988",988,"J Perrone"
"989",989,"A Sachs"
"990",990,"J Martinez-Trujillo"
"991",991,"D Fitzpatrick"
"992",992,"E Seidemann"
"993",993,"C Cantor"
"994",994,"C Schor"
"995",995,"H Ogmen"
"996",996,"A Hunt"
"997",997,"M Morrone"
"998",998,"P Binda"
"999",999,"R Rafal"
"1000",1000,"M Georgeson"
"1001",1001,"P Thompson"
"1002",1002,"J Driver"
"1003",1003,"D Peterzell"
"1004",1004,"M Nardini"
"1005",1005,"R Bedford"
"1006",1006,"H Bruggeman"
"1007",1007,"P MacNeilage"
"1008",1008,"D Angelaki"
"1009",1009,"K James"
"1010",1010,"O Cheung"
"1011",1011,"B Mahon"
"1012",1012,"A Caramazza"
"1013",1013,"G Lupyan"
"1014",1014,"L O'Kane"
"1015",1015,"K Kooij"
"1016",1016,"Z Kourtzi"
"1017",1017,"B Kunz"
"1018",1018,"S Gilson"
"1019",1019,"A Fitzgibbon"
"1020",1020,"A Glennerster"
"1021",1021,"Y Cao"
"1022",1022,"R Shah"
"1023",1023,"F Domini"
"1024",1024,"C Caudek"
"1025",1025,"T Czuba"
"1026",1026,"N Carlisle"
"1027",1027,"K Bettencourt"
"1028",1028,"M Becker"
"1029",1029,"S Emrich"
"1030",1030,"S Ferber"
"1031",1031,"J Huang"
"1032",1032,"R Sekuler"
"1033",1033,"A Kristjansson"
"1034",1034,"H Ogawa"
"1035",1035,"B Hidalgo-Sotelo"
"1036",1036,"H Im"
"1037",1037,"A Leber"
"1038",1038,"M Rizzo"
"1039",1039,"R Peters"
"1040",1040,"S Drew"
"1041",1041,"K Sakai"
"1042",1042,"J Richler"
"1043",1043,"C Bukach"
"1044",1044,"M Ramon"
"1045",1045,"L Blaha"
"1046",1046,"J Townsend"
"1047",1047,"Y Konar"
"1048",1048,"M Pachai"
"1049",1049,"M Kwon"
"1050",1050,"A Kalia"
"1051",1051,"C Gottesman"
"1052",1052,"M Anes"
"1053",1053,"L Short"
"1054",1054,"M Ouhnana"
"1055",1055,"N Troje"
"1056",1056,"E Hussey"
"1057",1057,"J Thompson"
"1058",1058,"I Legault"
"1059",1059,"S Thurman"
"1060",1060,"J Pyles"
"1061",1061,"N Jardine"
"1062",1062,"C Roether"
"1063",1063,"D Chang"
"1064",1064,"S Adler"
"1065",1065,"J Trommershäuser"
"1066",1066,"L Madelain"
"1067",1067,"C Paeye"
"1068",1068,"J Wallman"
"1069",1069,"D Munoz"
"1070",1070,"J Herman"
"1071",1071,"M Harwood"
"1072",1072,"Z Zhang"
"1073",1073,"J Knöll"
"1074",1074,"B Krekelberg"
"1075",1075,"B Schnitzer"
"1076",1076,"E Kowler"
"1077",1077,"F Cristino"
"1078",1078,"E Gheorghiu"
"1079",1079,"R Goldstein"
"1080",1080,"E Peli"
"1081",1081,"L Lesmes"
"1082",1082,"T Albright"
"1083",1083,"Y Petrov"
"1084",1084,"A Sahraie"
"1085",1085,"N Roach"
"1086",1086,"R Parasuraman"
"1087",1087,"P Smith"
"1088",1088,"L McLin"
"1089",1089,"M Tibber"
"1090",1090,"Y Huang"
"1091",1091,"C Ripamonti"
"1092",1092,"A Stockman"
"1093",1093,"R Dougherty"
"1094",1094,"S Murray"
"1095",1095,"N Tsuchiya"
"1096",1096,"R Adolphs"
"1097",1097,"P Schyns"
"1098",1098,"O Garrod"
"1099",1099,"D Wilbraham"
"1100",1100,"M Vaziri-Pashkam"
"1101",1101,"J Hsiao"
"1102",1102,"G Cottrell"
"1103",1103,"R Chakravarthi"
"1104",1104,"Y Lin"
"1105",1105,"T Vickery"
"1106",1106,"S Rosen"
"1107",1107,"N Censor"
"1108",1108,"X Wang"
"1109",1109,"J Zhou"
"1110",1110,"Y Zhou"
"1111",1111,"P Jeter"
"1112",1112,"D Schwarzkopf"
"1113",1113,"K Shibata"
"1114",1114,"M Kawato"
"1115",1115,"A Nagy"
"1116",1116,"S Sheremata"
"1117",1117,"L Huang"
"1118",1118,"H Pashler"
"1119",1119,"A Treisman"
"1120",1120,"B Montagna"
"1121",1121,"F Pestilli"
"1122",1122,"J Mordkoff"
"1123",1123,"B Stojanoski"
"1124",1124,"M Niemeier"
"1125",1125,"D Fitousi"
"1126",1126,"J Highsmith"
"1127",1127,"C Duncan"
"1128",1128,"S O'Neil"
"1129",1129,"M Crognale"
"1130",1130,"F Arcizet"
"1131",1131,"J Bisley"
"1132",1132,"K Mirpour"
"1133",1133,"D Berg"
"1134",1134,"T Ikeda"
"1135",1135,"J Jehee"
"1136",1136,"A Le"
"1137",1137,"L Zhaoping"
"1138",1138,"P Jolicoeur"
"1139",1139,"D Cheyne"
"1140",1140,"K Mathewson"
"1141",1141,"G Gratton"
"1142",1142,"M Fabiani"
"1143",1143,"T Ro"
"1144",1144,"S Lomber"
"1145",1145,"B Payne"
"1146",1146,"E Salvagio"
"1147",1147,"A Mojica"
"1148",1148,"H Allen"
"1149",1149,"S Thompson"
"1150",1150,"S Harrison"
"1151",1151,"T Ghose"
"1152",1152,"M Juni"
"1153",1153,"R Nelson"
"1154",1154,"H Hock"
"1155",1155,"E Hein"
"1156",1156,"J Bower"
"1157",1157,"B Sheliga"
"1158",1158,"E FitzGibbon"
"1159",1159,"F Miles"
"1160",1160,"S Dakin"
"1161",1161,"J Greenwood"
"1162",1162,"J Golomb"
"1163",1163,"A Rokem"
"1164",1164,"H Tamura"
"1165",1165,"W Curran"
"1166",1166,"C Clifford"
"1167",1167,"C Benton"
"1168",1168,"M Grunau"
"1169",1169,"Y Nakajima"
"1170",1170,"S Gepshtein"
"1171",1171,"T Nijboer"
"1172",1172,"M Smagt"
"1173",1173,"A Gorea"
"1174",1174,"E Twedt"
"1175",1175,"J Campos"
"1176",1176,"B Mohler"
"1177",1177,"J Loomis"
"1178",1178,"H Buelthoff"
"1179",1179,"C Kallie"
"1180",1180,"L Thomas"
"1181",1181,"J Vettel"
"1182",1182,"S Prasad"
"1183",1183,"A Thomas"
"1184",1184,"G Geiger"
"1185",1185,"A Facoetti"
"1186",1186,"M Molteni"
"1187",1187,"L Iordanescu"
"1188",1188,"H Jenkin"
"1189",1189,"M Barnett-Cowan"
"1190",1190,"M Honma"
"1191",1191,"S Koyama"
"1192",1192,"B Wu"
"1193",1193,"R Klatzky"
"1194",1194,"M Koningsbruggen"
"1195",1195,"M Beck"
"1196",1196,"L Chan"
"1197",1197,"J Hulleman"
"1198",1198,"J Jones"
"1199",1199,"M Paré"
"1200",1200,"C Paffen"
"1201",1201,"I Hooge"
"1202",1202,"I Linde"
"1203",1203,"X Zhuang"
"1204",1204,"W Ma"
"1205",1205,"P Lovell"
"1206",1206,"I Gilchrist"
"1207",1207,"D Tolhurst"
"1208",1208,"M To"
"1209",1209,"T Troscianko"
"1210",1210,"S Kita"
"1211",1211,"M Neider"
"1212",1212,"A Kramer"
"1213",1213,"K Fukuda"
"1214",1214,"B Rogers"
"1215",1215,"Y Chai"
"1216",1216,"J Xu"
"1217",1217,"P Battaglia"
"1218",1218,"P Tseng"
"1219",1219,"I Cameron"
"1220",1220,"A Landau"
"1221",1221,"J Saiki"
"1222",1222,"K Schneider"
"1223",1223,"A Giordano"
"1224",1224,"A Belopolsky"
"1225",1225,"A Hurlbert"
"1226",1226,"Y Ling"
"1227",1227,"A Torralba"
"1228",1228,"M Greene"
"1229",1229,"A Paradis"
"1230",1230,"A Stocker"
"1231",1231,"E Simoncelli"
"1232",1232,"A Nuthmann"
"1233",1233,"B Bridgeman"
"1234",1234,"H Müller"
"1235",1235,"M Adamo"
"1236",1236,"B Guenther"
"1237",1237,"J Brown"
"1238",1238,"H Chu"
"1239",1239,"T Kumada"
"1240",1240,"C Olivers"
"1241",1241,"R Sawaki"
"1242",1242,"Y Yeshurun"
"1243",1243,"C Huang"
"1244",1244,"J Liu"
"1245",1245,"X Huang"
"1246",1246,"Z Liu"
"1247",1247,"C Tseng"
"1248",1248,"J Lappin"
"1249",1249,"J Suchow"
"1250",1250,"J Husk"
"1251",1251,"Z Hussain"
"1252",1252,"S Kuai"
"1253",1253,"S Klein"
"1254",1254,"E Shimojo"
"1255",1255,"J Park"
"1256",1256,"S Webster"
"1257",1257,"A Calder"
"1258",1258,"I Oruc"
"1259",1259,"H Bülthoff"
"1260",1260,"J Bakdash"
"1261",1261,"C Zetzsche"
"1262",1262,"E Chrastil"
"1263",1263,"N Browning"
"1264",1264,"J Saunders"
"1265",1265,"J Owens"
"1266",1266,"B Stankiewicz"
"1267",1267,"L Li"
"1268",1268,"J Cheng"
"1269",1269,"K Clark"
"1270",1270,"P Garrigan"
"1271",1271,"P Martini"
"1272",1272,"D Fougnie"
"1273",1273,"C Constantinidis"
"1274",1274,"M Kibbe"
